{"accuracy": [0.04367373138666153, 0.0581245981156826, 0.08413615822792053, 0.1364804059267044, 0.1917148381471634, 0.201991006731987, 0.2649325728416443, 0.35709697008132935, 0.3856775760650635, 0.45407834649086, 0.4900449514389038, 0.5407835841178894, 0.5828516483306885, 0.6149646639823914, 0.6425818800926208, 0.6769428253173828, 0.6833654642105103, 0.7283236980438232, 0.7145150899887085, 0.7594733238220215, 0.752729594707489, 0.7668593525886536, 0.7854849100112915, 0.7825947403907776, 0.8086062669754028, 0.8127809762954712, 0.8169556856155396, 0.7999357581138611, 0.8195247054100037, 0.8355812430381775], "loss": [7.991447925567627, 3.788217544555664, 3.7795357704162598, 4.593155384063721, 4.134185314178467, 5.616292476654053, 3.209615707397461, 3.483926773071289, 2.961479663848877, 2.5358078479766846, 2.3468966484069824, 2.0783424377441406, 1.8963251113891602, 2.1765940189361572, 1.6501083374023438, 1.597287654876709, 1.8596857786178589, 1.275895118713379, 1.8813726902008057, 1.283402919769287, 1.435881495475769, 1.2203389406204224, 1.2710164785385132, 1.3570436239242554, 1.1068068742752075, 1.1995667219161987, 1.0726715326309204, 1.1295652389526367, 1.0840001106262207, 0.9491913318634033], "val_accuracy": [0.08262108266353607, 0.1367521435022354, 0.18803419172763824, 0.2421652376651764, 0.29914531111717224, 0.1538461595773697, 0.4928774833679199, 0.15954415500164032, 0.25925925374031067, 0.4843304753303528, 0.6837607026100159, 0.6182336211204529, 0.38746437430381775, 0.7977207899093628, 0.5441595315933228, 0.809116780757904, 0.8490028381347656, 0.6552706360816956, 0.874643862247467, 0.8319088220596313, 0.7806267738342285, 0.8717948794364929, 0.9059829115867615, 0.8888888955116272, 0.8660968542098999, 0.934472918510437, 0.6980056762695312, 0.9316239356994629, 0.8888888955116272, 0.8575498461723328], "val_loss": [3.4853904247283936, 3.4251604080200195, 3.1744134426116943, 3.034712791442871, 3.345641851425171, 2.9527382850646973, 2.1992554664611816, 10.823009490966797, 6.775928974151611, 2.251671314239502, 1.5680787563323975, 1.8376468420028687, 5.917484760284424, 1.1512103080749512, 5.1295247077941895, 1.2322850227355957, 1.1663790941238403, 3.458970069885254, 1.2474936246871948, 1.5897057056427002, 1.9911737442016602, 1.1783422231674194, 1.0869905948638916, 1.189653754234314, 1.6118786334991455, 1.2439942359924316, 3.1602985858917236, 0.9204903244972229, 1.6451780796051025, 1.6695502996444702]}